{
  "version": 1,
  "author": "Smart Energy Meter",
  "editor": "wokwi",
  "parts": [
    {
      "type": "wokwi-esp32-devkit-v1",
      "id": "esp",
      "top": 0,
      "left": 0,
      "attrs": {}
    },
    {
      "type": "wokwi-ssd1306",
      "id": "oled",
      "top": -120,
      "left": 180,
      "attrs": {
        "i2cAddress": "0x3C"
      }
    }
  ],
  "connections": [
    ["esp:21", "oled:SDA", "green"],
    ["esp:22", "oled:SCL", "green"],
    ["esp:3V3", "oled:VCC", "red"],
    ["esp:GND", "oled:GND", "black"]
  ]
}
